{
    "name": "csvsource",
    "properties": {
        "linkedServiceName": {
            "referenceName": "linkedserviceDL",
            "type": "LinkedServiceReference"
        },
        "annotations": [],
        "type": "DelimitedText",
        "typeProperties": {
            "location": {
                "type": "AzureBlobFSLocation",
                "fileName": "Fact_Sales_1.csv",
                "folderPath": "csvfiles",
                "fileSystem": "source"
            },
            "columnDelimiter": ",",
            "escapeChar": "\\",
            "firstRowAsHeader": true,
            "quoteChar": "\""
        },
        "schema": [
            {
                "name": "transaction_id",
                "type": "String"
            },
            {
                "name": "transactional_date",
                "type": "String"
            },
            {
                "name": "product_id",
                "type": "String"
            },
            {
                "name": "customer_id",
                "type": "String"
            },
            {
                "name": "payment",
                "type": "String"
            },
            {
                "name": "credit_card",
                "type": "String"
            },
            {
                "name": "loyalty_card",
                "type": "String"
            },
            {
                "name": "cost",
                "type": "String"
            },
            {
                "name": "quantity",
                "type": "String"
            },
            {
                "name": "price",
                "type": "String"
            }
        ]
    },
    "type": "Microsoft.DataFactory/factories/datasets"
}