{
    "now": "2025-12-14T16:28:00.728Z",
    "perfNow": 207590.5,
    "diagnosticCorrelation": "d6f9aa84-3848-4820-832b-c7ae5d2af445",
    "source": "DownloadSupportFiles",
    "environment": {
        "productName": "adf",
        "buildVersion": "1.0.112525.8",
        "environmentType": 3,
        "resourceName": "adf-beginner-course",
        "resourceRegion": "eastus",
        "resourceGroup": "ADFcourseBeginner",
        "subscriptionId": "338601ba-4613-4067-afea-47ac8a619cfd",
        "sessionId": "6ipKAYp/9KVpTIs7TOgHmx",
        "operationId": "",
        "gitType": "live",
        "loggingKey": "026f5198-faeb-45b3-9cc1-f9d6f89ca488"
    },
    "additionalInfo": {
        "selectedResource": "pipelinemanager",
        "selectedResourceType": "pipeline"
    }
}