{
    "now": "2025-12-14T16:26:13.979Z",
    "perfNow": 100842,
    "diagnosticCorrelation": "9ce17a61-5af6-4f19-b473-489ed00e02fc",
    "source": "DownloadSupportFiles",
    "environment": {
        "productName": "adf",
        "buildVersion": "1.0.112525.8",
        "environmentType": 3,
        "resourceName": "adf-beginner-course",
        "resourceRegion": "eastus",
        "resourceGroup": "ADFcourseBeginner",
        "subscriptionId": "338601ba-4613-4067-afea-47ac8a619cfd",
        "sessionId": "6ipKAYp/9KVpTIs7TOgHmx",
        "operationId": "",
        "gitType": "live",
        "loggingKey": "026f5198-faeb-45b3-9cc1-f9d6f89ca488"
    },
    "additionalInfo": {
        "selectedResource": "githubcopy",
        "selectedResourceType": "pipeline"
    }
}