{
    "name": "reporting_sink",
    "properties": {
        "linkedServiceName": {
            "referenceName": "linkedserviceDL",
            "type": "LinkedServiceReference"
        },
        "parameters": {
            "p_file_name": {
                "type": "string"
            }
        },
        "annotations": [],
        "type": "DelimitedText",
        "typeProperties": {
            "location": {
                "type": "AzureBlobFSLocation",
                "fileName": {
                    "value": "@dataset().p_file_name",
                    "type": "Expression"
                },
                "folderPath": "csvfilename",
                "fileSystem": "reporting"
            },
            "columnDelimiter": ",",
            "escapeChar": "\\",
            "firstRowAsHeader": true,
            "quoteChar": "\""
        },
        "schema": []
    },
    "type": "Microsoft.DataFactory/factories/datasets"
}